{
 "ad": 4.6102579855754226e-05,
 "ae": 0.002184930893669675,
 "af": 0.0002179998772863674,
 "ag": 1.8565508302270177e-05,
 "ai": 8.402172843368221e-06,
 "al": 0.0002806646301383538,
 "am": 0.0006208359016604213,
 "an": 9.17805200531655e-07,
 "ao": 0.00010961216462762111,
 "aq": 2.4297257644366692e-05,
 "ar": 0.0031521801282306796,
 "as": 5.849539807621678e-06,
 "at": 0.004350222230007088,
 "au": 0.009985591251149601,
 "aw": 2.7593382845160862e-05,
 "ax": 1.5243191951453402e-05,
 "az": 0.0011846534438446493,
 "ba": 0.00032516161683690336,
 "bb": 6.380684898791733e-05,
 "bd": 0.001940360839134409,
 "be": 0.0033174449433183107,
 "bf": 5.858869523335433e-05,
 "bg": 0.0033460683740863047,
 "bh": 0.00019870874959179203,
 "bi": 6.732346318484881e-05,
 "bj": 0.00010427165901449217,
 "bl": 2.864261980212087e-06,
 "bm": 2.9704813283632285e-05,
 "bn": 8.214356544758313e-05,
 "bo": 0.00040418950624349363,
 "bq": 4.533550391934442e-06,
 "br": 0.01348056095209263,
 "bs": 7.818924621047905e-05,
 "bt": 1.3844882327566968e-05,
 "bw": 6.0015520309773e-05,
 "by": 0.011391039825285812,
 "bz": 7.08527148490169e-05,
 "ca": 0.017935074036277504,
 "cc": 0.0,
 "cd": 7.862290656229644e-05,
 "cf": 1.6004138749272799e-06,
 "cg": 2.7401303718158703e-05,
 "ch": 0.006922427209045992,
 "ci": 0.0001935734503638647,
 "ck": 1.8744587164363856e-06,
 "cl": 0.0018668827851026722,
 "cm": 0.0002781015493624321,
 "cn": 0.000776517313154843,
 "co": 0.0017253239419308675,
 "cr": 0.0003762334083067952,
 "cs": 0.0,
 "cu": 0.00022068871255273312,
 "cv": 2.6106945608284384e-05,
 "cw": 6.643161492583099e-05,
 "cx": 3.8951842981225624e-07,
 "cy": 0.001292614106680308,
 "cz": 0.004470629718785972,
 "de": 0.07779879038512619,
 "dj": 1.2648194734817093e-05,
 "dk": 0.0022517309355181976,
 "dm": 1.0084939343446238e-05,
 "do": 0.0004137740586808901,
 "dz": 0.0009575890024205618,
 "ec": 0.0006367944802176084,
 "ee": 0.0006866181914119816,
 "eg": 0.0018653457433961892,
 "eh": 2.1963271407437938e-07,
 "er": 7.401825806742136e-06,
 "es": 0.010910153564602659,
 "et": 0.00027017417707655934,
 "fi": 0.007064604124615677,
 "fj": 2.8116880746545783e-05,
 "fk": 2.121772377402306e-06,
 "fm": 7.2035281024615985e-06,
 "fo": 1.4047540357536439e-05,
 "fr": 0.03526283818250585,
 "ga": 5.0418398841412016e-05,
 "gb": 0.030083293780700415,
 "gd": 1.83561040106331e-05,
 "ge": 0.0007564118525439221,
 "gf": 3.2674454675240084e-05,
 "gg": 2.4081497755776753e-05,
 "gh": 0.0006456851585767643,
 "gi": 2.1697289445586317e-05,
 "gl": 1.3949906786049756e-05,
 "gm": 2.1484709940127197e-05,
 "gn": 2.348476429782881e-05,
 "gp": 9.861648435128844e-05,
 "gq": 1.2593195533151229e-05,
 "gr": 0.002071538561092798,
 "gt": 0.00024989988990960736,
 "gu": 4.973445028069913e-05,
 "gw": 2.1921042974526963e-06,
 "gy": 0.0006299849917195534,
 "hk": 0.003613528576523504,
 "hn": 0.0001731972976939842,
 "hr": 0.0009724762938323158,
 "ht": 4.733008259001874e-05,
 "hu": 0.0019430130546061618,
 "id": 0.04763321601845133,
 "ie": 0.003964203337400274,
 "il": 0.005729903967583809,
 "im": 4.946422630356964e-05,
 "in": 0.02279898074565677,
 "io": 1.195351325470163e-06,
 "iq": 0.000419245335563265,
 "ir": 0.016568110486258836,
 "is": 0.000510099900323345,
 "it": 0.01265578215841535,
 "je": 3.829037657254697e-05,
 "jm": 0.00018984003582754667,
 "jo": 0.0002807960948653444,
 "jp": 0.014055681114101576,
 "ke": 0.000708597714151584,
 "kg": 0.000313196250270065,
 "kh": 0.00026507961982671967,
 "ki": 6.022949873722426e-07,
 "km": 2.006791479648063e-06,
 "kn": 2.490468908547586e-05,
 "kp": 6.415512242372078e-06,
 "kr": 0.0064162900377226,
 "kw": 0.0003356358749711385,
 "ky": 1.9910995817724424e-05,
 "kz": 0.001526312065517285,
 "la": 6.923430604785817e-05,
 "lb": 0.00031162876160754915,
 "lc": 2.764826606743669e-05,
 "li": 4.2025814881628516e-05,
 "lk": 0.000477843890842207,
 "lr": 1.2252920503215029e-05,
 "ls": 2.1573008406216673e-05,
 "lt": 0.0018414948430582744,
 "lu": 0.0007535546109477243,
 "lv": 0.0018372273734105545,
 "ly": 0.00017466018079059981,
 "ma": 0.0008648366839776629,
 "mc": 3.844720960799367e-05,
 "md": 0.00797197915290193,
 "me": 0.00010498110942063402,
 "mf": 6.80175896844094e-06,
 "mg": 0.00013808285673869153,
 "mh": 2.6598278256462963e-06,
 "mk": 0.00026262092051312864,
 "ml": 4.7554161038164804e-05,
 "mm": 0.00020626200615522273,
 "mn": 0.0002782618348980555,
 "mo": 5.569627828415666e-05,
 "mp": 5.762822481969278e-06,
 "mq": 9.167846348134094e-05,
 "mr": 2.672698340880336e-05,
 "ms": 8.35648543945954e-07,
 "mt": 0.00015502464180281285,
 "mu": 0.00015262952986179286,
 "mv": 5.820137239027139e-05,
 "mw": 4.223152663142112e-05,
 "mx": 0.005398120572149159,
 "my": 0.003003825562087391,
 "mz": 0.00010421103988227779,
 "na": 7.96439832708977e-05,
 "nc": 7.891575470829706e-05,
 "ne": 2.1217723774023062e-05,
 "nf": 0.0,
 "ng": 0.0008035281517607571,
 "ni": 0.0001360410176534841,
 "nl": 0.034596446942827326,
 "no": 0.0033093096125766594,
 "np": 0.00043280573101570015,
 "nr": 0.0,
 "nu": 0.0,
 "nz": 0.0014555358508979818,
 "om": 0.00038831415131190014,
 "pa": 0.00024200088294409856,
 "pe": 0.0008434045200174167,
 "pf": 4.9386677530123745e-05,
 "pg": 4.2706038166605626e-05,
 "ph": 0.00460050550616645,
 "pk": 0.0024169729801047078,
 "pl": 0.00847435887534481,
 "pm": 5.282587275138505e-06,
 "pn": 3.1557097598419003e-07,
 "pr": 0.00032235972890585384,
 "ps": 0.00015323959258043188,
 "pt": 0.0018932504502679167,
 "pw": 2.345106454069754e-06,
 "py": 0.0002297776244197032,
 "qa": 0.0003548128465147438,
 "re": 0.00019245156340069625,
 "ro": 0.0038053987588710357,
 "rs": 0.0011245495045932334,
 "ru": 0.17299978805524346,
 "rw": 0.00011246752298618313,
 "sa": 0.0014028754085275254,
 "sb": 7.970820114932404e-06,
 "sc": 0.0002420625985827511,
 "sd": 0.00019213201843472954,
 "se": 0.0053736858846276,
 "sg": 0.007232848129445172,
 "sh": 0.0,
 "si": 0.0006100095585031629,
 "sj": 0.0,
 "sk": 0.0013611063210712986,
 "sl": 2.1921042974526965e-05,
 "sm": 1.0778137619509217e-05,
 "sn": 0.00017081545982980043,
 "so": 5.462760391016701e-05,
 "sr": 6.097276780581361e-05,
 "ss": 1.520393181180916e-05,
 "st": 3.68051012358665e-06,
 "sv": 0.0002032277085338184,
 "sx": 1.0458355241673265e-05,
 "sy": 0.00030922541441857763,
 "sz": 2.3309350846668178e-05,
 "tc": 7.82536827210307e-06,
 "td": 1.635782277149622e-05,
 "tg": 5.221389121656877e-05,
 "th": 0.017050959956932316,
 "tj": 8.247924145744123e-05,
 "tk": 0.0,
 "tl": 2.3531525134707886e-05,
 "tm": 4.1305337995423376e-05,
 "tn": 0.0004915746831608669,
 "to": 3.6117084332783393e-06,
 "tr": 0.006572160837530486,
 "tt": 0.00017928976589049486,
 "tv": 0.0,
 "tw": 0.00402075865517737,
 "tz": 0.0001996298533004751,
 "ua": 0.026093101144689344,
 "ug": 0.00029329728472383737,
 "um": 5.480260743631741e-07,
 "us": 0.24481585201774023,
 "uy": 0.00032278735779990954,
 "uz": 0.00032286008968933767,
 "va": 7.052189498564687e-06,
 "vc": 1.010310484742145e-05,
 "ve": 0.003784568994613856,
 "vg": 9.864469338537133e-06,
 "vi": 1.5552633967272487e-05,
 "vn": 0.004397859743723773,
 "vu": 6.685188351567632e-06,
 "wf": 0.0,
 "ws": 3.0996127779409024e-06,
 "xk": 1.15341628823981e-05,
 "ye": 0.00016587224716591552,
 "yt": 1.633039479876529e-05,
 "za": 0.001893289614038972,
 "zm": 9.412610053883155e-05,
 "zw": 0.0001298062661132197
}